domain,label,tier,total_score,rdap_status,cheapest_registrar,year1_usd,carry_3yr_usd,buy_link,human_rationale,gate_failures,checked_utc
example-cloud.si,example-cloud,MONITOR,72.0,AVAILABLE_CANDIDATE,Dynadot,12.13,39.35,https://www.dynadot.com/domain/search.html?domain=example-cloud.si,A synthetic cloud infrastructure startup would pay $500 for this clean descriptive domain.,Gate 6: Confirmed at a registrar checkout missing (human checkout verification required),2026-09-30 20:00:00 UTC
demo-agent.si,demo-agent,MONITOR,68.5,AVAILABLE_CANDIDATE,Hostinger,11.99,45.97,https://www.hostinger.com/domain-name-search?domain=demo-agent.si,An autonomous software testing company would pay $400 because it clearly denotes agent capabilities.,Gate 6: Domain reported 'already taken' at Registrar B checkout (UNKNOWN),2026-09-30 20:00:00 UTC
sample-nexus.si,sample-nexus,MONITOR,65.0,REGISTERED,Dynadot,12.13,39.35,https://www.dynadot.com/domain/search.html?domain=sample-nexus.si,,Domain is not available in registry (RDAP status: active); Human end-user sentence missing,2026-09-30 20:00:00 UTC
test-synth.si,test-synth,MONITOR,63.5,AVAILABLE_CANDIDATE,Registrar C,18.5,55.5,https://www.domovanje.com/domene/?isci=test-synth.si,A synthetic voice synthesis developer would pay $350 for this domain to brand neural voice models.,Gate 6: Registry busy / could not confirm at 2026-09-30T12:32:00Z (gate failed; unlimited retries allowed),2026-09-30 20:00:00 UTC
demo-cortex.si,demo-cortex,MONITOR,61.0,QUARANTINE/PENDING_DELETE,Dynadot,12.13,39.35,https://www.dynadot.com/domain/search.html?domain=demo-cortex.si,,Domain is in registry quarantine (status: pending delete); Awaiting release or redemption expiration,2026-09-30 20:00:00 UTC
mock-logic.si,mock-logic,MONITOR,58.0,AVAILABLE_CANDIDATE,Dynadot,12.13,39.35,https://www.dynadot.com/domain/search.html?domain=mock-logic.si,,Total score 58.0 below minimum threshold of 60.0; Human rationale missing,2026-09-30 20:00:00 UTC
example-brand-google.si,example-brand-google,AVOID,20.0,AVAILABLE_CANDIDATE,Dynadot,12.13,39.35,https://www.dynadot.com/domain/search.html?domain=example-brand-google.si,,Trademark or brand conflict flag present: Google (high legal dispute risk under ARDS),2026-09-30 20:00:00 UTC
sample-reserved-112.si,sample-reserved-112,AVOID,10.0,RESERVED,N/A,0.0,0.0,N/A,,Domain is official registry reserved emergency code under Register.si statutory rules,2026-09-30 20:00:00 UTC
test-vector.si,test-vector,MONITOR,74.0,AVAILABLE_CANDIDATE,Dynadot,12.13,39.35,https://www.dynadot.com/domain/search.html?domain=test-vector.si,A vector database engineering firm would pay $600 because it names semantic indexing systems.,Gate 6: Confirmed at a registrar checkout missing (human checkout verification required),2026-09-30 20:00:00 UTC
demo-robot.si,demo-robot,MONITOR,66.0,AVAILABLE_CANDIDATE,Hostinger,11.99,45.97,https://www.hostinger.com/domain-name-search?domain=demo-robot.si,A robotics automation laboratory would pay $450 for this descriptive domain to host demonstrations.,Gate 6: Confirmed at a registrar checkout missing (human checkout verification required),2026-09-30 20:00:00 UTC
